name,datetime,tempmax,tempmin,temp,feelslikemax,feelslikemin,feelslike,dew,humidity,precip,precipprob,precipcover,preciptype,snow,snowdepth,windgust,windspeed,winddir,sealevelpressure,cloudcover,visibility,solarradiation,solarenergy,uvindex,severerisk,sunrise,sunset,moonphase,conditions,description,icon,stations
"INDIRA GANDHI INTERNATIONAL, IN	",2024-11-21,26,12,18.2,26,12,18.2,9.4,59.5,0,0,0,,0,0,21.2,9.4,258.8,1015.4,0,1.7,180.1,15.6,7,10,2024-11-21T06:49:09,2024-11-21T17:25:49,0.67,Clear,Clear conditions throughout the day.,clear-day,VIDP
"INDIRA GANDHI INTERNATIONAL, IN	",2024-11-22,26,13,18.8,26,13,18.8,11.1,63.8,0,0,0,,0,0,10.4,7.6,261.9,1015.2,0,1.4,163.5,14.1,6,10,2024-11-22T06:49:57,2024-11-22T17:25:33,0.71,Clear,Clear conditions throughout the day.,clear-day,"42182099999,42176099999,VIDP,42139099999,42181099999"
"INDIRA GANDHI INTERNATIONAL, IN	",2024-11-23,28,13,20,27,13,19.9,11,61,0,0,0,,0,0,19.4,7.6,183.3,1015.7,0.2,1.6,172.5,15,7,10,2024-11-23T06:50:45,2024-11-23T17:25:19,0.75,Clear,Clear conditions throughout the day.,clear-day,"42182099999,42176099999,VIDP,42139099999,42181099999"
"INDIRA GANDHI INTERNATIONAL, IN	",2024-11-24,28,15,20.6,27,15,20.5,10.8,56.8,0,0,0,,0,0,29.9,14.8,260.5,1015.5,0,2.6,172.9,15.1,7,10,2024-11-24T06:51:33,2024-11-24T17:25:07,0.77,Clear,Clear conditions throughout the day.,clear-day,"42182099999,42176099999,VIDP,42139099999,42181099999"
"INDIRA GANDHI INTERNATIONAL, IN	",2024-11-25,25,15,19.4,25,15,19.4,12.9,67.3,0,0,0,,0,0,30.2,14.8,263.6,1015.5,0.4,1.7,172.6,15,7,10,2024-11-25T06:52:21,2024-11-25T17:24:56,0.81,Clear,Clear conditions throughout the day.,clear-day,"42182099999,42176099999,VIDP,42139099999,42181099999"
"INDIRA GANDHI INTERNATIONAL, IN	",2024-11-26,25,14,18.9,25,14,18.9,11.2,63.4,0,0,0,,0,0,26.3,13,266.1,1015.7,0,2.4,173.4,15.1,7,10,2024-11-26T06:53:08,2024-11-26T17:24:46,0.84,Clear,Clear conditions throughout the day.,clear-day,"42182099999,42176099999,VIDP,42139099999,42181099999"
"INDIRA GANDHI INTERNATIONAL, IN	",2024-11-27,25,14,18.7,25,14,18.7,9.6,58.8,0,0,0,,0,0,22.7,11.2,287.8,1015.2,0,2.6,173.6,15.1,7,10,2024-11-27T06:53:56,2024-11-27T17:24:39,0.87,Clear,Clear conditions throughout the day.,clear-day,"42182099999,42176099999,VIDP,42139099999,42181099999,VIDD"
"INDIRA GANDHI INTERNATIONAL, IN	",2024-11-28,25,13,18.3,25,13,18.3,9.5,60.5,0,0,0,,0,0,19.8,9.4,339.2,1016.9,0,2.3,174.4,15.2,7,10,2024-11-28T06:54:43,2024-11-28T17:24:33,0.9,Clear,Clear conditions throughout the day.,clear-day,"42182099999,42176099999,VIDP,42139099999,42181099999"
"INDIRA GANDHI INTERNATIONAL, IN	",2024-11-29,25,12,18,25,12,18,9.6,60.9,0,0,0,,0,0,15.8,7.6,289.4,1017.5,0,2.1,171.8,15,7,10,2024-11-29T06:55:30,2024-11-29T17:24:29,0.94,Clear,Clear conditions throughout the day.,clear-day,"42182099999,42176099999,VIDP,42139099999,42181099999,VIDD"
"INDIRA GANDHI INTERNATIONAL, IN	",2024-11-30,25,11,18.1,25,11,18.1,10.4,64.3,0,0,0,,0,0,23,11.2,275.5,1015.6,0,2,169.1,14.6,6,10,2024-11-30T06:56:17,2024-11-30T17:24:26,0.97,Clear,Clear conditions throughout the day.,clear-day,"42182099999,42176099999,VIDP,42139099999,42181099999"
"INDIRA GANDHI INTERNATIONAL, IN	",2024-12-01,25,14,18.7,25,14,18.7,11,63.8,0,0,0,,0,0,20.5,14.8,271.4,1013.9,0,2.5,165.4,14.3,6,10,2024-12-01T06:57:03,2024-12-01T17:24:25,0,Clear,Clear conditions throughout the day.,clear-day,"42182099999,VIDP,42181099999"
"INDIRA GANDHI INTERNATIONAL, IN	",2024-12-02,26,13.8,18.6,26,13.8,18.6,11.6,66.8,0,0,0,,0,0,22.3,9.4,276,1014.1,0,2.6,167.6,14.5,6,10,2024-12-02T06:57:50,2024-12-02T17:24:25,0.04,Clear,Clear conditions throughout the day.,clear-day,"42182099999,42176099999,VIDP,42139099999,42181099999"
"INDIRA GANDHI INTERNATIONAL, IN	",2024-12-03,26,13,18.9,26,13,18.9,11.5,65.2,0,0,0,,0,0,25.2,14.8,274.2,1016,2.3,2.6,167.1,14.5,6,10,2024-12-03T06:58:35,2024-12-03T17:24:28,0.07,Clear,Clear conditions throughout the day.,clear-day,"42182099999,42176099999,VIDP,42139099999,42181099999"
"INDIRA GANDHI INTERNATIONAL, IN	",2024-12-04,26,13,18.9,26,13,18.9,9,56.9,0,0,0,,0,0,34.9,18.4,267.3,1015.4,0,3.1,167.9,14.4,6,10,2024-12-04T06:59:20,2024-12-04T17:24:31,0.11,Clear,Clear conditions throughout the day.,clear-day,"42182099999,42176099999,VIDP,42139099999,42181099999"
"INDIRA GANDHI INTERNATIONAL, IN	",2024-12-05,24,11,17,24,11,17,5.2,48.1,0,0,0,,0,0,30.2,18.5,265.2,1015,0,3.7,172.1,14.9,7,10,2024-12-05T07:00:05,2024-12-05T17:24:37,0.14,Clear,Clear conditions throughout the day.,clear-day,"42182099999,42176099999,VIDP,42139099999,42181099999,VIDD"
"INDIRA GANDHI INTERNATIONAL, IN	",2024-12-06,24,11,16.7,24,11,16.7,5.7,50.9,0,0,0,,0,0,32,16.5,282.8,1013.9,0,3.5,169.5,14.7,6,10,2024-12-06T07:00:49,2024-12-06T17:24:44,0.18,Clear,Clear conditions throughout the day.,clear-day,"42182099999,42176099999,VIDP,42139099999,42181099999"
"INDIRA GANDHI INTERNATIONAL, IN	",2024-12-07,23,11,16,23,11,16,5.1,51.5,0,0,0,,0,0,16.6,7.6,286.7,1013.5,0,3.3,169.8,14.9,7,10,2024-12-07T07:01:32,2024-12-07T17:24:53,0.21,Clear,Clear conditions throughout the day.,clear-day,"42182099999,42176099999,VIDP,42139099999,42181099999"
"INDIRA GANDHI INTERNATIONAL, IN	",2024-12-08,22,11,16.5,22,11,16.5,6.7,54.7,0.002,100,4.17,rain,0,0,36.4,16.6,116.3,1013.1,35.7,2.7,149.3,12.8,6,10,2024-12-08T07:02:15,2024-12-08T17:25:03,0.25,"Rain, Partially cloudy",Partly cloudy throughout the day with late afternoon rain.,rain,"42182099999,42176099999,VIDP,42139099999,42181099999"
"INDIRA GANDHI INTERNATIONAL, IN	",2024-12-09,20,11,15,20,11,15,8.7,67.8,0,0,0,,0,0,17.6,11.2,305.1,1015.9,11.6,2.8,166.1,14.2,6,10,2024-12-09T07:02:57,2024-12-09T17:25:15,0.28,Clear,Clear conditions throughout the day.,clear-day,"42182099999,42176099999,VIDP,42139099999,42181099999"
"INDIRA GANDHI INTERNATIONAL, IN	",2024-12-10,21,9,14.1,21,8,14,4.8,60.2,0,0,0,,0,0,33.5,20.5,273.8,1017.7,0,2.9,169.1,14.6,6,10,2024-12-10T07:03:39,2024-12-10T17:25:28,0.32,Clear,Clear conditions throughout the day.,clear-day,"42182099999,42176099999,VIDP,42139099999,42181099999"
"INDIRA GANDHI INTERNATIONAL, IN	",2024-12-11,21,6,13.5,21,4.5,13.2,0.9,46,0,0,0,,0,0,29.2,14.8,272.1,1017.5,0,3.1,172.3,14.9,7,10,2024-12-11T07:04:19,2024-12-11T17:25:43,0.35,Clear,Clear conditions throughout the day.,clear-day,"42182099999,42176099999,VIDP,42139099999,42181099999"
"INDIRA GANDHI INTERNATIONAL, IN	",2024-12-12,21,6,13.6,21,4.5,13.4,3.7,54.2,0,0,0,,0,0,27.4,12.9,270.4,1016.9,0,2.6,170.6,14.9,7,10,2024-12-12T07:04:59,2024-12-12T17:26:00,0.39,Clear,Clear conditions throughout the day.,clear-day,"42182099999,42176099999,VIDP,42139099999,42181099999"
"INDIRA GANDHI INTERNATIONAL, IN	",2024-12-13,22,7,13.9,22,5.6,13.6,3.7,55.2,0,0,0,,0,0,36,20.5,268.5,1018,6.5,2.9,172.2,14.9,7,10,2024-12-13T07:05:38,2024-12-13T17:26:18,0.43,Clear,Clear conditions throughout the day.,clear-day,"42182099999,42176099999,VIDP,42139099999,42181099999"
"INDIRA GANDHI INTERNATIONAL, IN	",2024-12-14,22,7,13.9,22,5.6,13.5,2.6,49.6,0,0,0,,0,0,30.6,18.4,268.4,1018.2,0,3.4,170.9,14.9,7,10,2024-12-14T07:06:16,2024-12-14T17:26:38,0.46,Clear,Clear conditions throughout the day.,clear-day,"42182099999,42176099999,VIDP,42139099999,42181099999"
"INDIRA GANDHI INTERNATIONAL, IN	",2024-12-15,22,7,13.4,22,6.3,13.4,3.7,55,0,0,0,,0,0,19.1,9.4,266.8,1019.6,0,2.7,171.6,14.8,7,10,2024-12-15T07:06:53,2024-12-15T17:26:59,0.5,Clear,Clear conditions throughout the day.,clear-day,"42182099999,42176099999,VIDP,42139099999,42181099999"
"INDIRA GANDHI INTERNATIONAL, IN	",2024-12-16,21,7,13,21,6.3,12.9,6.4,67.1,0,0,0,,0,0,17.6,7.6,276.5,1017.9,0,1.8,170.6,14.6,7,10,2024-12-16T07:07:30,2024-12-16T17:27:21,0.53,Clear,Clear conditions throughout the day.,clear-day,"42182099999,42176099999,VIDP,42139099999,42181099999"
"INDIRA GANDHI INTERNATIONAL, IN	",2024-12-17,22,7,14.1,22,7,14.1,7.6,69.4,0,0,0,,0,0,15.8,12.6,94,1016.4,3.4,1.2,168.1,14.4,6,10,2024-12-17T07:08:05,2024-12-17T17:27:45,0.56,Clear,Clear conditions throughout the day.,clear-day,"42182099999,42176099999,VIDP,42139099999,42181099999,VIDD"
"INDIRA GANDHI INTERNATIONAL, IN	",2024-12-18,20,8,13,20,7.4,12.9,8.7,78.2,0,0,0,,0,0,18.4,9.4,275.4,1016,8.3,0.8,168.4,14.4,6,10,2024-12-18T07:08:39,2024-12-18T17:28:10,0.59,Clear,Clear conditions throughout the day.,fog,"42182099999,VIDP,42139099999,42181099999"
"INDIRA GANDHI INTERNATIONAL, IN	",2024-12-19,21,7,13.8,21,7,13.8,7.9,72,0,0,0,,0,0,26.6,16.3,96.7,1015.8,0,1.3,165.9,14.4,6,10,2024-12-19T07:09:12,2024-12-19T17:28:37,0.63,Clear,Clear conditions throughout the day.,clear-day,"42182099999,42176099999,VIDP,42139099999,42181099999,VIDD"
"INDIRA GANDHI INTERNATIONAL, IN	",2024-12-20,22,10,15.5,22,10,15.5,10.3,73.7,0,0,0,,0,0,18.4,7.6,343.8,1015.5,7.4,1.2,144.8,12.5,5,10,2024-12-20T07:09:44,2024-12-20T17:29:05,0.66,Clear,Clear conditions throughout the day.,clear-day,"42182099999,42176099999,VIDP,42139099999,42181099999"
"INDIRA GANDHI INTERNATIONAL, IN	",2024-12-21,22,9,14.8,22,8.5,14.8,9.2,73.3,0,0,0,,0,0,19.4,11.2,287.7,1016,3.3,1.2,164.2,14.3,6,10,2024-12-21T07:10:15,2024-12-21T17:29:34,0.69,Clear,Clear conditions throughout the day.,clear-day,"42182099999,42176099999,VIDP,42139099999,42181099999"
"INDIRA GANDHI INTERNATIONAL, IN	",2024-12-22,23,9,15.5,23,9,15.5,9,69.2,0,0,0,,0,0,17.3,9.4,126.8,1015.8,12.7,1.5,164.5,14.3,6,10,2024-12-22T07:10:44,2024-12-22T17:30:05,0.72,Clear,Clear conditions throughout the day.,clear-day,"42182099999,42176099999,VIDP,42139099999,42181099999"
"INDIRA GANDHI INTERNATIONAL, IN	",2024-12-23,18,12,15,18,12,15,10.7,76.2,0.786,100,12.5,rain,0,0,38.2,11.2,67.3,1015.8,64.4,1.2,93.5,8.1,4,10,2024-12-23T07:11:12,2024-12-23T17:30:36,0.75,"Rain, Partially cloudy",Partly cloudy throughout the day with rain.,rain,"42182099999,42176099999,VIDP,42139099999,42181099999"
"INDIRA GANDHI INTERNATIONAL, IN	",2024-12-24,20,11,15,20,11,15,11,79.7,1.022,100,4.17,rain,0,0,25.2,11.2,54.2,1017.1,63.7,1.2,137.6,11.7,6,10,2024-12-24T07:11:39,2024-12-24T17:31:09,0.79,"Rain, Partially cloudy",Partly cloudy throughout the day with late afternoon rain.,rain,"42182099999,42176099999,VIDP,42139099999,42181099999"
"INDIRA GANDHI INTERNATIONAL, IN	",2024-12-25,21,10,14.7,21,10,14.7,11.3,82.1,0,0,0,,0,0,19.1,11.2,277.8,1019.1,25.1,0.9,155.2,13.5,6,10,2024-12-25T07:12:05,2024-12-25T17:31:43,0.82,Partially cloudy,Clearing in the afternoon.,fog,"42182099999,42176099999,VIDP,42139099999,42181099999"
"INDIRA GANDHI INTERNATIONAL, IN	",2024-12-26,23,9,15.5,23,9,15.5,10.5,75.8,0,0,0,,0,0,15.8,7.6,25.3,1020.9,6,1.1,161.6,14,6,10,2024-12-26T07:12:30,2024-12-26T17:32:19,0.85,Clear,Clear conditions throughout the day.,clear-day,"42182099999,42176099999,VIDP,42139099999,42181099999"
"INDIRA GANDHI INTERNATIONAL, IN	",2024-12-27,16,14,14.6,16,14,14.6,13.6,93.8,47.912,100,25,rain,0,0,41,18.4,59.2,1019.5,87.8,1.2,39,3.2,2,10,2024-12-27T07:12:53,2024-12-27T17:32:55,0.88,"Rain, Partially cloudy",Partly cloudy throughout the day with a chance of rain throughout the day.,rain,"42182099999,42176099999,VIDP,42139099999,42181099999"
"INDIRA GANDHI INTERNATIONAL, IN	",2024-12-28,16,13,14.9,16,13,14.9,14.2,95.6,0.132,100,4.17,rain,0,0,22.3,11.1,297,1019.1,95,1.2,51,4.4,3,10,2024-12-28T07:13:14,2024-12-28T17:33:32,0.91,"Rain, Overcast",Cloudy skies throughout the day with early morning rain.,rain,"42182099999,42176099999,VIDP,42139099999,42181099999,VIDD"
"INDIRA GANDHI INTERNATIONAL, IN	",2024-12-29,15.1,10.9,13.1,15.1,10.9,13.1,12.1,93.5,0,0,0,,0,0,27.4,18.4,277.4,1020.9,64,1.1,134.2,11.5,5,10,2024-12-29T07:13:35,2024-12-29T17:34:11,0.95,Partially cloudy,Partly cloudy throughout the day.,partly-cloudy-day,"42182099999,42176099999,VIDP,42139099999,42181099999,VIDD"
"INDIRA GANDHI INTERNATIONAL, IN	",2024-12-30,13,9,11.3,13,9,11.3,10.2,93.4,0,0,0,,0,0,27,14.8,272.3,1020.4,44.7,1.2,148,12.8,6,10,2024-12-30T07:13:54,2024-12-30T17:34:50,0.98,Partially cloudy,Partly cloudy throughout the day.,partly-cloudy-day,"42182099999,42176099999,VIDP,42139099999,42181099999"
"INDIRA GANDHI INTERNATIONAL, IN	",2024-12-31,15,10,11.6,15,10,11.6,9.3,86.5,0,0,0,,0,0,15.8,7.6,265.3,1021.2,46.7,1.4,118.2,10.3,5,10,2024-12-31T07:14:11,2024-12-31T17:35:31,0,Partially cloudy,Partly cloudy throughout the day.,partly-cloudy-day,"42182099999,42176099999,VIDP,42139099999,42181099999"
"INDIRA GANDHI INTERNATIONAL, IN	",2025-01-01,13,8,10.3,13,6.8,10,9.1,92,0,0,0,,0,0,25.6,11.2,266.2,1019.4,42.2,0.9,159.1,13.7,6,10,2025-01-01T07:14:27,2025-01-01T17:36:12,0.05,Partially cloudy,Partly cloudy throughout the day.,fog,"42182099999,42176099999,VIDP,42139099999,42181099999"
"INDIRA GANDHI INTERNATIONAL, IN	",2025-01-02,14,8,10.3,14,6.1,9.7,9,91.8,0,0,0,,0,0,29.2,13,270.7,1018.6,48.7,0.8,162.2,14,6,10,2025-01-02T07:14:41,2025-01-02T17:36:54,0.08,Partially cloudy,Partly cloudy throughout the day.,fog,"42182099999,42176099999,VIDP,42139099999,42181099999"
"INDIRA GANDHI INTERNATIONAL, IN	",2025-01-03,18,8,11.9,18,7.4,11.9,10.4,91.5,0,0,0,,0,0,17.6,7.6,283.6,1018.3,60.7,0.5,157.2,13.6,6,10,2025-01-03T07:14:54,2025-01-03T17:37:37,0.12,Partially cloudy,Clearing in the afternoon.,fog,"42182099999,42176099999,VIDP,42139099999,42181099999"
"INDIRA GANDHI INTERNATIONAL, IN	",2025-01-04,19,9,12.6,19,9,12.6,11.3,92.6,0,0,0,,0,0,19.1,12.8,102.9,1016.2,65.7,0.4,168.3,14.6,6,10,2025-01-04T07:15:06,2025-01-04T17:38:20,0.15,Partially cloudy,Clearing in the afternoon.,fog,"42182099999,42176099999,VIDP,42139099999,42181099999"
"INDIRA GANDHI INTERNATIONAL, IN	",2025-01-05,17,9,12,17,7,11.7,10,89.1,0,0,0,,0,0,25.9,13,109.8,1016.2,49.6,0.5,125.9,11,6,10,2025-01-05T07:15:16,2025-01-05T17:39:05,0.19,Partially cloudy,Partly cloudy throughout the day.,fog,"42182099999,42176099999,VIDP,42139099999,42181099999"
"INDIRA GANDHI INTERNATIONAL, IN	",2025-01-06,15,11,12.5,15,11,12.5,11.1,91.5,0.978,100,4.17,rain,0,0,22.3,13,269,1017.4,60.5,0.9,109.2,9.5,5,10,2025-01-06T07:15:24,2025-01-06T17:39:50,0.23,"Rain, Partially cloudy",Partly cloudy throughout the day with morning rain.,rain,"42182099999,42176099999,VIDP,42139099999,42181099999"
"INDIRA GANDHI INTERNATIONAL, IN	",2025-01-07,15,10.7,12.4,15,10.7,12.4,11.2,92.9,0,0,0,,0,0,34.2,16.6,281.3,1018.2,65.2,0.9,160,13.7,6,10,2025-01-07T07:15:31,2025-01-07T17:40:35,0.25,Partially cloudy,Partly cloudy throughout the day.,fog,"42182099999,42176099999,VIDP,42139099999,42181099999"
"INDIRA GANDHI INTERNATIONAL, IN	",2025-01-08,20,7,12.8,20,7,12.7,8.2,77.2,0,0,0,,0,0,30.6,22.3,265.4,1016,28.8,1.9,173.5,15,7,10,2025-01-08T07:15:36,2025-01-08T17:41:22,0.3,Partially cloudy,Partly cloudy throughout the day.,partly-cloudy-day,"42182099999,42176099999,VIDP,42139099999,42181099999"
"INDIRA GANDHI INTERNATIONAL, IN	",2025-01-09,21,7,13.5,21,7,13.5,8.3,74.1,0,0,0,,0,0,14.8,11.2,69.2,1018.3,8,1.6,175.5,15,7,10,2025-01-09T07:15:39,2025-01-09T17:42:09,0.33,Clear,Clear conditions throughout the day.,clear-day,"42182099999,42176099999,VIDP,42139099999,42181099999"
"INDIRA GANDHI INTERNATIONAL, IN	",2025-01-10,17,9,11.9,17,8.5,11.9,10.1,89.8,0,0,0,,0,0,20.5,9.4,103.8,1020.1,46.2,0.7,175.8,15.2,7,10,2025-01-10T07:15:41,2025-01-10T17:42:56,0.37,Partially cloudy,Partly cloudy throughout the day.,fog,"42182099999,42176099999,VIDP,42139099999,42181099999"
"INDIRA GANDHI INTERNATIONAL, IN	",2025-01-11,16,9.5,12.1,16,8.2,12,10.8,92.7,0.991,100,4.17,rain,0,0,33.1,18.4,114.1,1018.8,79.3,1.8,129.6,11.3,6,10,2025-01-11T07:15:42,2025-01-11T17:43:44,0.4,"Rain, Partially cloudy",Partly cloudy throughout the day with afternoon rain.,rain,"42182099999,42176099999,VIDP,42139099999,42181099999,remote"
"INDIRA GANDHI INTERNATIONAL, IN	",2025-01-12,15.5,10,12.7,15.5,10,12.7,11.1,90.5,0,0,0,,0,0,21.6,13,281.5,1019.7,72.6,1.5,115.9,9.9,4,10,2025-01-12T07:15:40,2025-01-12T17:44:32,0.44,Partially cloudy,Partly cloudy throughout the day.,partly-cloudy-day,"42182099999,42176099999,VIDP,42139099999,42181099999"
"INDIRA GANDHI INTERNATIONAL, IN	",2025-01-13,16,10,12.5,16,10,12.5,11,91.3,0,0,0,,0,0,23.4,14.6,257.8,1019.1,52.7,1,168.9,14.5,7,10,2025-01-13T07:15:38,2025-01-13T17:45:21,0.48,Partially cloudy,Partly cloudy throughout the day.,partly-cloudy-day,"42182099999,42176099999,VIDP,42139099999,42181099999"
"INDIRA GANDHI INTERNATIONAL, IN	",2025-01-14,19,10,12.8,19,10,12.8,10.4,86.7,0,0,0,,0,0,20.9,13,260.8,1019.2,32.9,1.1,178.7,15.6,7,10,2025-01-14T07:15:33,2025-01-14T17:46:09,0.5,Partially cloudy,Partly cloudy throughout the day.,partly-cloudy-day,"42182099999,42176099999,VIDP,42139099999,42181099999"
"INDIRA GANDHI INTERNATIONAL, IN	",2025-01-15,17,8,12,17,8,12,10.9,93.5,0.489,100,4.17,rain,0,0,27.7,11.2,114.7,1020.5,65.1,0.7,133.9,11.7,6,10,2025-01-15T07:15:27,2025-01-15T17:46:59,0.54,"Rain, Partially cloudy",Partly cloudy throughout the day with late afternoon rain.,rain,"42182099999,42176099999,VIDP,42139099999,42181099999"
"INDIRA GANDHI INTERNATIONAL, IN	",2025-01-16,18,11.9,13.6,18,11.9,13.6,11.7,89,9.379,100,12.5,rain,0,0,15.8,9.4,92.6,1021.2,65.3,1.2,131.9,11.3,6,10,2025-01-16T07:15:19,2025-01-16T17:47:48,0.57,"Rain, Partially cloudy",Partly cloudy throughout the day with rain clearing later.,rain,"42182099999,42176099999,VIDP,42139099999,42181099999"
"INDIRA GANDHI INTERNATIONAL, IN	",2025-01-17,15.1,9.7,11.7,15.1,9.4,11.7,10.2,91.3,0,0,0,,0,0,24.8,18.4,269.3,1021,51.7,1,182.4,15.8,7,10,2025-01-17T07:15:10,2025-01-17T17:48:38,0.61,Partially cloudy,Partly cloudy throughout the day.,partly-cloudy-day,"42182099999,42176099999,VIDP,42139099999,42181099999"
"INDIRA GANDHI INTERNATIONAL, IN	",2025-01-18,19,10,13.7,19,10,13.7,11,85.1,0,0,0,,0,0,18,11.2,283.5,1018.7,54.2,1.3,144.3,12.4,5,10,2025-01-18T07:14:59,2025-01-18T17:49:28,0.64,Partially cloudy,Partly cloudy throughout the day.,partly-cloudy-day,"42182099999,42176099999,VIDP,42139099999,42181099999"
"INDIRA GANDHI INTERNATIONAL, IN	",2025-01-19,24,11,16.9,24,11,16.9,12.6,78.4,0,0,0,,0,0,17.6,9.4,313.4,1017.2,27.6,1.3,173.9,15.1,7,10,2025-01-19T07:14:47,2025-01-19T17:50:18,0.67,Partially cloudy,Partly cloudy throughout the day.,partly-cloudy-day,"42182099999,42176099999,VIDP,42139099999,42181099999"
"INDIRA GANDHI INTERNATIONAL, IN	",2025-01-20,23,11,16.5,23,11,16.5,12.5,79.1,0,0,0,,0,0,29.2,16.6,268,1015.7,17.4,1.6,175.8,15.1,7,10,2025-01-20T07:14:33,2025-01-20T17:51:08,0.7,Clear,Clear conditions throughout the day.,clear-day,"42182099999,42176099999,VIDP,42139099999,42181099999"
"INDIRA GANDHI INTERNATIONAL, IN	",2025-01-21,22,11,16,22,11,16,10.9,74.4,0,0,0,,0,0,27.7,16.6,258.5,1014.5,7.2,1.9,183.9,15.8,7,10,2025-01-21T07:14:17,2025-01-21T17:51:59,0.74,Clear,Clear conditions throughout the day.,clear-day,"42182099999,42176099999,VIDP,42139099999,42181099999"
"INDIRA GANDHI INTERNATIONAL, IN	",2025-01-22,23,10,16.1,23,10,16.1,11,75.2,0,0,0,,0,0,24.8,11.2,267.8,1014.1,15.9,2.1,184.5,15.9,7,10,2025-01-22T07:14:00,2025-01-22T17:52:49,0.75,Clear,Clear conditions throughout the day.,clear-day,"42182099999,42176099999,VIDP,42139099999,42181099999"
"INDIRA GANDHI INTERNATIONAL, IN	",2025-01-23,23,13,17.3,23,13,17.3,10.6,68.9,0.011,100,4.17,rain,0,0,29.9,16.6,279.5,1015.7,26.2,2.9,179.9,15.4,7,10,2025-01-23T07:13:41,2025-01-23T17:53:39,0.8,"Rain, Partially cloudy",Partly cloudy throughout the day with early morning rain.,rain,"42182099999,42176099999,VIDP,42139099999,42181099999"
"INDIRA GANDHI INTERNATIONAL, IN	",2025-01-24,22,10,15.6,22,10,15.6,8.5,66.4,0,0,0,,0,0,33.8,18.4,258.9,1015.9,7.5,3.4,192,16.6,7,10,2025-01-24T07:13:21,2025-01-24T17:54:30,0.83,Clear,Clear conditions throughout the day.,clear-day,"42182099999,42176099999,VIDP,42139099999,42181099999"
"INDIRA GANDHI INTERNATIONAL, IN	",2025-01-25,22,9,14.7,22,8.5,14.6,5.9,60.4,0,0,0,,0,0,29.9,20.5,261.2,1015.3,3.8,3.8,197.1,16.9,7,10,2025-01-25T07:12:59,2025-01-25T17:55:20,0.86,Clear,Clear conditions throughout the day.,clear-day,"42182099999,42176099999,VIDP,42139099999,42181099999"
"INDIRA GANDHI INTERNATIONAL, IN	",2025-01-26,22,8,14.5,22,7.4,14.5,5.9,60.1,0,0,0,,0,0,25.2,16.6,269.1,1015,7.5,3.9,199.2,17.2,7,10,2025-01-26T07:12:36,2025-01-26T17:56:10,0.9,Clear,Clear conditions throughout the day.,clear-day,"42182099999,42176099999,VIDP,42139099999,42181099999"
"INDIRA GANDHI INTERNATIONAL, IN	",2025-01-27,22,8,14.4,22,7.4,14.4,7.2,66.2,0,0,0,,0,0,23.8,16.6,272,1013.7,7.5,3.4,199.5,17.2,7,10,2025-01-27T07:12:11,2025-01-27T17:57:00,0.93,Clear,Clear conditions throughout the day.,clear-day,"42182099999,42176099999,VIDP,42139099999,42181099999"
"INDIRA GANDHI INTERNATIONAL, IN	",2025-01-28,23,9,14.8,23,8.5,14.8,7.2,64.2,0,0,0,,0,0,18,11.2,257.2,1013.3,7.5,3.1,199.3,17,7,10,2025-01-28T07:11:44,2025-01-28T17:57:50,0.96,Clear,Clear conditions throughout the day.,clear-day,"42182099999,42176099999,VIDP,42139099999,42181099999"
"INDIRA GANDHI INTERNATIONAL, IN	",2025-01-29,24,9,16.2,24,9,16.2,9.9,71.1,0,0,0,,0,0,30.6,14.8,107.1,1014.6,6.7,2,193,16.6,7,10,2025-01-29T07:11:16,2025-01-29T17:58:40,0,Clear,Clear conditions throughout the day.,clear-day,"42182099999,42176099999,VIDP,42139099999,42181099999"
"INDIRA GANDHI INTERNATIONAL, IN	",2025-01-30,25,12,17.5,25,12,17.5,12.6,76.1,0,0,0,,0,0,25.2,13,113.6,1011.4,3.8,1.9,192.4,16.6,7,10,2025-01-30T07:10:47,2025-01-30T17:59:29,0.03,Clear,Clear conditions throughout the day.,clear-day,"42182099999,42176099999,VIDP,42139099999,42181099999"
"INDIRA GANDHI INTERNATIONAL, IN	",2025-01-31,24,13,17.6,24,13,17.6,14.2,82.5,0,0,0,,0,0,15.8,9.3,256,1011.3,15,1.2,192.9,16.7,7,10,2025-01-31T07:10:16,2025-01-31T18:00:19,0.06,Clear,Clear conditions throughout the day.,clear-day,"42182099999,42176099999,VIDP,42139099999,42181099999"
"INDIRA GANDHI INTERNATIONAL, IN	",2025-02-01,23,11,16.6,23,11,16.6,14.1,86.6,0,0,0,,0,0,28.4,9.4,291,1013.6,56.2,0.7,184.6,15.8,7,10,2025-02-01T07:09:44,2025-02-01T18:01:08,0.1,Partially cloudy,Clearing in the afternoon.,fog,"42182099999,42176099999,VIDP,42139099999,42181099999"
"INDIRA GANDHI INTERNATIONAL, IN	",2025-02-02,21,12,15.3,21,12,15.3,12.7,85.5,0,0,0,,0,0,28.4,13,268.6,1015.8,38.5,1,196.2,17,7,10,2025-02-02T07:09:10,2025-02-02T18:01:57,0.13,Partially cloudy,Clearing in the afternoon.,partly-cloudy-day,"42182099999,42176099999,VIDP,42139099999,42181099999"
"INDIRA GANDHI INTERNATIONAL, IN	",2025-02-03,23,10,15.3,23,10,15.3,9.3,71.8,0,0,0,,0,0,19.4,11.1,259.3,1015,20.6,1.7,203.8,17.6,7,10,2025-02-03T07:08:35,2025-02-03T18:02:45,0.17,Partially cloudy,Clearing in the afternoon.,partly-cloudy-day,"42182099999,VIDP,42139099999,42181099999"
"INDIRA GANDHI INTERNATIONAL, IN	",2025-02-04,25,14,18.6,25,14,18.6,11,63.6,0.004,100,4.17,rain,0,0,36,11.2,11.1,1014.8,74.7,2.1,128.7,11.2,6,10,2025-02-04T07:07:59,2025-02-04T18:03:34,0.2,"Rain, Partially cloudy",Partly cloudy throughout the day with early morning rain.,rain,"42182099999,42176099999,VIDP,42139099999,42181099999"
"INDIRA GANDHI INTERNATIONAL, IN	",2025-02-05,22,10,16,22,10,16,9.3,69.1,0,0,0,,0,0,37.1,19.9,268.1,1015.9,20,2.4,207.9,18,8,10,2025-02-05T07:07:21,2025-02-05T18:04:22,0.25,Clear,Partly cloudy throughout the day.,clear-day,"42182099999,42176099999,VIDP,42139099999,42181099999"
"INDIRA GANDHI INTERNATIONAL, IN	",2025-02-06,22,10,16.3,22,10,16.3,6.7,58.4,0,0,0,,0,0,37.1,25.5,289.1,1017.6,11.1,3.5,213.3,18.5,8,10,2025-02-06T07:06:42,2025-02-06T18:05:10,0.28,Clear,Clear conditions throughout the day.,clear-day,"42182099999,42176099999,VIDP,42139099999,42181099999,VIDD"
"INDIRA GANDHI INTERNATIONAL, IN	",2025-02-07,21.3,8,14.9,21.3,6.1,14.8,4.7,55.1,0,0,0,,0,0,37.1,25.5,267.3,1017,17.4,3.8,213.3,18.5,8,10,2025-02-07T07:06:02,2025-02-07T18:05:57,0.31,Clear,Clear conditions throughout the day.,clear-day,"42182099999,42176099999,VIDP,42139099999,42181099999"
"INDIRA GANDHI INTERNATIONAL, IN	",2025-02-08,24,9,16.2,24,8,16.2,5.5,52.9,0,0,0,,0,0,32,20.3,267.1,1015.6,12.5,4,209.8,18,8,10,2025-02-08T07:05:21,2025-02-08T18:06:44,0.35,Clear,Clear conditions throughout the day.,clear-day,"42182099999,42176099999,VIDP,42139099999,42181099999"
"INDIRA GANDHI INTERNATIONAL, IN	",2025-02-09,26,10,17.2,26,10,17.2,7.7,58.7,0,0,0,,0,0,19.1,9.4,272.8,1014.9,20.5,3.5,211.8,18.5,8,10,2025-02-09T07:04:38,2025-02-09T18:07:31,0.38,Partially cloudy,Partly cloudy throughout the day.,partly-cloudy-day,"42182099999,42176099999,VIDP,42139099999,42181099999"
"INDIRA GANDHI INTERNATIONAL, IN	",2025-02-10,26,11,18.4,26,11,18.4,10.1,63,0,0,0,,0,0,19.1,9.4,252.6,1014.4,31.3,3,201.2,17.5,7,10,2025-02-10T07:03:54,2025-02-10T18:08:17,0.42,Partially cloudy,Partly cloudy throughout the day.,partly-cloudy-day,"42182099999,42176099999,VIDP,42139099999,42181099999"
"INDIRA GANDHI INTERNATIONAL, IN	",2025-02-11,27,13,19.5,26.5,13,19.4,10.2,59.5,0,0,0,,0,0,16.2,11.2,287.3,1013.6,7.7,3.3,210.7,18,8,10,2025-02-11T07:03:09,2025-02-11T18:09:03,0.45,Clear,Clear conditions throughout the day.,clear-day,"42182099999,42176099999,VIDP,42139099999,42181099999"
"INDIRA GANDHI INTERNATIONAL, IN	",2025-02-12,25,13,18.4,25,13,18.4,9.3,60.6,0,0,0,,0,0,37.1,29.3,275.2,1014.8,11.3,3.6,217.5,18.8,8,10,2025-02-12T07:02:22,2025-02-12T18:09:48,0.5,Clear,Clear conditions throughout the day.,clear-day,"42182099999,42176099999,VIDP,42139099999,42181099999"
"INDIRA GANDHI INTERNATIONAL, IN	",2025-02-13,23.1,11,17.6,23.1,11,17.6,7.2,53.9,0,0,0,,0,0,40.7,26.3,267.6,1015.3,9.5,3.9,221.9,19.1,8,10,2025-02-13T07:01:35,2025-02-13T18:10:34,0.52,Clear,Clear conditions throughout the day.,clear-day,"42182099999,42176099999,VIDP,42139099999,42181099999"
"INDIRA GANDHI INTERNATIONAL, IN	",2025-02-14,25.1,9,17.3,25.1,8,17.3,6,51.4,0,0,0,,0,0,36.4,22.4,265.7,1013.6,9.4,4,215.5,18.6,8,10,2025-02-14T07:00:46,2025-02-14T18:11:18,0.55,Clear,Clear conditions throughout the day.,clear-day,"42182099999,42176099999,VIDP,42139099999,42181099999,VIDD"
"INDIRA GANDHI INTERNATIONAL, IN	",2025-02-15,26,12,18.9,26,12,18.9,7.1,50.6,0,0,0,,0,0,24.8,9.4,342.6,1011.5,26.9,4,214.3,18.4,8,10,2025-02-15T06:59:56,2025-02-15T18:12:03,0.59,Partially cloudy,Partly cloudy throughout the day.,partly-cloudy-day,"42182099999,42176099999,VIDP,42139099999,42181099999"
"INDIRA GANDHI INTERNATIONAL, IN	",2025-02-16,27,13,19.9,26.5,13,19.8,10.2,58.3,0,0,0,,0,0,15.1,13,306.6,1012.9,33.6,3.3,196.8,17,8,10,2025-02-16T06:59:06,2025-02-16T18:12:47,0.62,Partially cloudy,Partly cloudy throughout the day.,partly-cloudy-day,"42182099999,42176099999,VIDP,42139099999,42181099999"
"INDIRA GANDHI INTERNATIONAL, IN	",2025-02-17,27,14,20.1,26.5,14,20.1,10.8,59.8,0,0,0,,0,0,15.5,9.4,292,1015.7,37.1,3.3,218.4,18.9,8,10,2025-02-17T06:58:14,2025-02-17T18:13:30,0.65,Partially cloudy,Clearing in the afternoon.,partly-cloudy-day,"42182099999,42176099999,VIDP,42139099999,42181099999"
"INDIRA GANDHI INTERNATIONAL, IN	",2025-02-18,27,15,20.5,26.4,15,20.4,10.7,56.7,0,0,0,,0,0,24.8,13,273.7,1015.2,47.3,3.5,206.8,17.8,8,10,2025-02-18T06:57:21,2025-02-18T18:14:13,0.68,Partially cloudy,Partly cloudy throughout the day.,partly-cloudy-day,"42182099999,42176099999,VIDP,42139099999,42181099999"
"INDIRA GANDHI INTERNATIONAL, IN	",2025-02-19,26,13,20,26,13,20,10.2,56.8,0,0,0,,0,0,18.4,14.8,247.5,1013.6,44.7,3.6,192.6,16.7,7,10,2025-02-19T06:56:27,2025-02-19T18:14:56,0.72,Partially cloudy,Partly cloudy throughout the day.,partly-cloudy-day,"42182099999,42176099999,VIDP,42139099999,42181099999"
"INDIRA GANDHI INTERNATIONAL, IN	",2025-02-20,25,16,20.4,25,16,20.4,14.1,69.5,0.216,100,8.33,rain,0,0,41.8,25.6,101.9,1013.9,61.1,3.9,188.7,16.4,8,10,2025-02-20T06:55:33,2025-02-20T18:15:38,0.75,"Rain, Partially cloudy",Clearing in the afternoon with early morning rain.,rain,"42182099999,42176099999,VIDP,42139099999,42181099999"
"INDIRA GANDHI INTERNATIONAL, IN	",2025-02-21,24.3,14,19.6,24.3,14,19.6,12.8,66.7,0.3,100,8.33,rain,0,0,21.6,16.6,287.1,1017,30.1,3.1,216.9,18.6,8,10,2025-02-21T06:54:37,2025-02-21T18:16:20,0.78,"Rain, Partially cloudy",Partly cloudy throughout the day with early morning rain.,rain,"42182099999,42176099999,VIDP,42139099999,42181099999"
"INDIRA GANDHI INTERNATIONAL, IN	",2025-02-22,23,12,17.4,23,12,17.4,12.5,76.4,0,0,0,,0,0,29.9,18.2,268,1017.1,18.7,2.8,223,19.3,8,10,2025-02-22T06:53:41,2025-02-22T18:17:02,0.81,Clear,Clear conditions throughout the day.,clear-day,"42182099999,42176099999,VIDP,42139099999,42181099999"
"INDIRA GANDHI INTERNATIONAL, IN	",2025-02-23,25.1,12,18.5,25.1,12,18.5,11.7,67.5,0,0,0,,0,0,20.9,13,267.2,1017.9,7.5,3.8,232.5,20,8,10,2025-02-23T06:52:43,2025-02-23T18:17:43,0.85,Clear,Clear conditions throughout the day.,clear-day,"42182099999,42176099999,VIDP,42139099999,42181099999"
"INDIRA GANDHI INTERNATIONAL, IN	",2025-02-24,26,12,19.2,26,12,19.2,12.7,70,0,0,0,,0,0,19.4,14.8,289.8,1018.7,11.7,3.5,234.6,20.3,8,10,2025-02-24T06:51:45,2025-02-24T18:18:24,0.88,Clear,Clear conditions throughout the day.,clear-day,"42182099999,42176099999,VIDP,42139099999,42181099999"
"INDIRA GANDHI INTERNATIONAL, IN	",2025-02-25,27,13,20.2,26.5,13,20.1,12,63.5,0,0,0,,0,0,26.6,9.4,294,1019.2,32.2,3.4,210.3,18.2,8,10,2025-02-25T06:50:46,2025-02-25T18:19:04,0.91,Partially cloudy,Partly cloudy throughout the day.,partly-cloudy-day,"42182099999,42176099999,VIDP,42139099999,42181099999,42183099999"
"INDIRA GANDHI INTERNATIONAL, IN	",2025-02-26,30,17,23.7,29.9,17,23.5,13.5,55.9,0,0,0,,0,0,23,11.2,113.4,1018.6,59.3,3.6,203.4,17.5,8,10,2025-02-26T06:49:46,2025-02-26T18:19:44,0.94,Partially cloudy,Clearing in the afternoon.,partly-cloudy-day,"42182099999,42176099999,VIDP,42139099999,42181099999"
"INDIRA GANDHI INTERNATIONAL, IN	",2025-02-27,24,20,22,24,20,22,14.8,64.2,0,0,0,,0,0,34.2,18.4,53.4,1015.7,82.4,3.7,112.3,9.8,4,10,2025-02-27T06:48:46,2025-02-27T18:20:23,0.98,Partially cloudy,Partly cloudy throughout the day.,partly-cloudy-day,"42182099999,42176099999,VIDP,42139099999,42181099999"
"INDIRA GANDHI INTERNATIONAL, IN	",2025-02-28,25,19,21.4,25,19,21.4,15.1,68.5,3.5,100,20.83,rain,0,0,40,25.4,104.1,1012.4,78.1,4,162.4,14,6,10,2025-02-28T06:47:45,2025-02-28T18:21:03,0,"Rain, Partially cloudy",Partly cloudy throughout the day with late afternoon rain.,rain,"42182099999,42176099999,VIDP,42139099999,42181099999"
"INDIRA GANDHI INTERNATIONAL, IN	",2025-03-01,26.3,18,21.6,26.3,18,21.6,17.2,77.6,0.996,100,8.33,rain,0,0,33.1,18.4,58.2,1013.5,61.5,4.3,187.7,16.2,7,10,2025-03-01T06:46:43,2025-03-01T18:21:41,0.04,"Rain, Partially cloudy",Partly cloudy throughout the day with rain clearing later.,rain,"42182099999,42176099999,VIDP,42139099999,42181099999,remote"
"INDIRA GANDHI INTERNATIONAL, IN	",2025-03-02,25.9,16,20.4,25.9,16,20.4,11.4,61.8,0,0,0,,0,0,35.3,18.4,305.8,1013.2,8.9,4,247.1,21.3,9,10,2025-03-02T06:45:40,2025-03-02T18:22:20,0.08,Clear,Clear conditions throughout the day.,clear-day,"42182099999,42176099999,VIDP,42139099999,42181099999"
"INDIRA GANDHI INTERNATIONAL, IN	",2025-03-03,29,13,21.2,27.7,13,21,9.2,50.2,0,0,0,,0,0,22,13,157.9,1011.8,13,4,239.4,20.6,8,10,2025-03-03T06:44:37,2025-03-03T18:22:58,0.11,Clear,Clear conditions throughout the day.,clear-day,"42182099999,42176099999,VIDP,42139099999,42181099999"
"INDIRA GANDHI INTERNATIONAL, IN	",2025-03-04,26,16.4,20.9,26,16.4,20.9,11.9,58,0,0,0,,0,0,37.1,24.6,263.2,1013.4,21.3,4.3,246.7,21.6,9,10,2025-03-04T06:43:33,2025-03-04T18:23:36,0.15,Partially cloudy,Partly cloudy throughout the day.,partly-cloudy-day,"42182099999,42176099999,VIDP,42139099999,42181099999"
"INDIRA GANDHI INTERNATIONAL, IN	",2025-03-05,24,10,17.3,24,10,17.3,6.5,54.5,0,0,0,,0,0,46.4,27.7,267.9,1014.7,0,4.4,260.8,22.4,9,10,2025-03-05T06:42:29,2025-03-05T18:24:13,0.18,Clear,Clear conditions throughout the day.,clear-day,"42182099999,42176099999,VIDP,42139099999,42181099999"
"INDIRA GANDHI INTERNATIONAL, IN	",2025-03-06,27,9,18.7,26.3,7.6,18.5,4.5,43.7,0,0,0,,0,0,40.7,25.7,266.4,1012.7,0,4.4,259.2,22.3,9,10,2025-03-06T06:41:24,2025-03-06T18:24:50,0.25,Clear,Clear conditions throughout the day.,clear-day,"42182099999,42176099999,VIDP,42139099999,42181099999"
"INDIRA GANDHI INTERNATIONAL, IN	",2025-03-07,28,12,20.2,26.8,12,20,8.1,49.4,0,0,0,,0,0,27.7,16.6,275.9,1011.2,1.3,5.7,255.9,22,9,10,2025-03-07T06:40:19,2025-03-07T18:25:27,0.25,Clear,Clear conditions throughout the day.,clear-day,"42182099999,42176099999,VIDP,42139099999,42181099999,remote"
"INDIRA GANDHI INTERNATIONAL, IN	",2025-03-08,29,14,21.8,27.9,14,21.5,10.2,51.5,0,0,0,,0,0,29.9,16.6,268.7,1009.5,4.2,4.2,259.8,22.6,9,10,2025-03-08T06:39:13,2025-03-08T18:26:04,0.29,Clear,Clear conditions throughout the day.,clear-day,"42182099999,42176099999,VIDP,42139099999,42181099999"
"INDIRA GANDHI INTERNATIONAL, IN	",2025-03-09,31,16,24.1,29.3,16,23.8,12,50.2,0,0,0,,0,0,26.6,11.2,109.9,1012.7,16.7,4,254.5,21.8,9,10,2025-03-09T06:38:07,2025-03-09T18:26:40,0.32,Clear,Clear conditions throughout the day.,clear-day,"42182099999,42176099999,VIDP,42139099999,42181099999"
"INDIRA GANDHI INTERNATIONAL, IN	",2025-03-10,31,19,24.8,29.7,19,24.5,12.7,49.1,0,0,0,,0,0,37.1,20.2,113.6,1015.9,33.5,4,246.6,21.5,9,10,2025-03-10T06:37:00,2025-03-10T18:27:16,0.36,Partially cloudy,Partly cloudy throughout the day.,partly-cloudy-day,"42182099999,42176099999,VIDP,42139099999,42181099999"
"INDIRA GANDHI INTERNATIONAL, IN	",2025-03-11,33,19,25.9,31.4,19,25.5,14.2,52.3,0,0,0,,0,0,18,13,318,1013.7,34.7,3.6,243.6,21,8,10,2025-03-11T06:35:53,2025-03-11T18:27:52,0.39,Partially cloudy,Partly cloudy throughout the day.,partly-cloudy-day,"42182099999,42176099999,VIDP,42139099999,42181099999"
"INDIRA GANDHI INTERNATIONAL, IN	",2025-03-12,31.4,18,24.4,31.8,18,24.2,15.9,64.8,0,0,0,,0,0,31.7,18.4,271.4,1009.8,27.8,4,252,21.8,9,10,2025-03-12T06:34:45,2025-03-12T18:28:27,0.43,Partially cloudy,Partly cloudy throughout the day.,partly-cloudy-day,"42182099999,42176099999,VIDP,42139099999,42181099999,remote"
"INDIRA GANDHI INTERNATIONAL, IN	",2025-03-13,32,19,25.4,30.8,19,25.3,15.6,57.6,0,0,0,,0,0,38.5,11.2,257,1007.9,50.2,3.3,244.7,21.1,8,10,2025-03-13T06:33:38,2025-03-13T18:29:03,0.46,Partially cloudy,Partly cloudy throughout the day.,partly-cloudy-day,"42182099999,42176099999,VIDP,42139099999,42181099999"
"INDIRA GANDHI INTERNATIONAL, IN	",2025-03-14,34,18.8,25.6,32.3,18.8,25.2,14.4,55.8,0,0,0,rain,0,0,28.1,13,117.4,1009.3,49.4,4.4,238.8,20.6,8,10,2025-03-14T06:32:30,2025-03-14T18:29:38,0.5,Partially cloudy,Partly cloudy throughout the day.,partly-cloudy-day,"42182099999,42176099999,VIDP,42139099999,42181099999,remote"
"INDIRA GANDHI INTERNATIONAL, IN	",2025-03-15,31,19.8,24.8,30.2,19.8,24.7,13.7,51.6,0,0,0,,0,0,38.2,18.4,30.4,1011.1,44.2,5.6,246.4,21.4,8,10,2025-03-15T06:31:21,2025-03-15T18:30:12,0.53,Partially cloudy,Partly cloudy throughout the day.,partly-cloudy-day,"42182099999,42176099999,VIDP,42139099999,42181099999,remote"
"INDIRA GANDHI INTERNATIONAL, IN	",2025-03-16,30,18,23.8,29,18,23.6,13.6,56.4,0,0,0,,0,0,31.7,18.4,291.1,1012.5,20.4,4,247.7,21.4,9,10,2025-03-16T06:30:13,2025-03-16T18:30:47,0.57,Partially cloudy,Partly cloudy throughout the day.,partly-cloudy-day,"42182099999,42176099999,VIDP,42139099999,42181099999"
"INDIRA GANDHI INTERNATIONAL, IN	",2025-03-17,28,17,22.9,27.7,17,22.9,14.1,59.8,0,0,0,,0,0,34.9,18.2,286.8,1013.4,17.9,3.8,257,22.4,8,10,2025-03-17T06:29:04,2025-03-17T18:31:21,0.6,Clear,Clear conditions throughout the day.,clear-day,"42182099999,42176099999,VIDP,42139099999,42181099999"
"INDIRA GANDHI INTERNATIONAL, IN	",2025-03-18,29,17,22.7,27.8,17,22.5,12.4,55.9,0,0,0,,0,0,28.8,18.4,277.3,1013.1,7.3,3.7,274.7,23.6,9,10,2025-03-18T06:27:55,2025-03-18T18:31:56,0.63,Clear,Clear conditions throughout the day.,clear-day,"42182099999,42176099999,VIDP,42139099999,42181099999"
"INDIRA GANDHI INTERNATIONAL, IN	",2025-03-19,31,17,24.1,29.6,17,23.7,11.5,48.7,0,0,0,,0,0,32.4,18.4,287.9,1013.9,11.5,4,270.6,23.3,9,10,2025-03-19T06:26:46,2025-03-19T18:32:30,0.66,Clear,Clear conditions throughout the day.,clear-day,"42182099999,42176099999,VIDP,42139099999,42181099999"
"INDIRA GANDHI INTERNATIONAL, IN	",2025-03-20,32,18,25.5,29.9,18,24.8,11.6,47.6,0,0,0,,0,0,32.4,20.5,299.9,1014.8,5.4,3.9,260.9,22.5,9,10,2025-03-20T06:25:36,2025-03-20T18:33:04,0.7,Clear,Clear conditions throughout the day.,clear-day,"42182099999,42176099999,VIDP,42139099999,42181099999"
"INDIRA GANDHI INTERNATIONAL, IN	",2025-03-21,31,16,24,29.5,16,23.6,11.4,49.2,0,0,0,,0,0,35.6,20.5,281.9,1014.6,0,3.8,276.9,23.8,9,10,2025-03-21T06:24:27,2025-03-21T18:33:38,0.73,Clear,Clear conditions throughout the day.,clear-day,"42182099999,42176099999,VIDP,42139099999,42181099999"
"INDIRA GANDHI INTERNATIONAL, IN	",2025-03-22,31,18,24.6,29.7,18,24.2,11.9,47.8,0,0,0,,0,0,33.5,18.2,281.1,1013.2,14.6,4.1,268.1,23.4,9,10,2025-03-22T06:23:17,2025-03-22T18:34:11,0.75,Clear,Clear conditions throughout the day.,clear-day,"42182099999,42176099999,VIDP,42139099999,42181099999"
"INDIRA GANDHI INTERNATIONAL, IN	",2025-03-23,33,17,25.6,31.1,17,25,10.5,41.9,0,0,0,,0,0,19.1,11,261.3,1014.7,0,4.3,282.5,24.4,9,10,2025-03-23T06:22:08,2025-03-23T18:34:45,0.8,Clear,Clear conditions throughout the day.,clear-day,"42182099999,42176099999,VIDP,42139099999,42181099999"
"INDIRA GANDHI INTERNATIONAL, IN	",2025-03-24,34,18,26.5,31.8,18,25.6,9.7,40.4,0,0,0,,0,0,24.5,11.2,233.8,1014.2,0,4.1,282,24.2,9,10,2025-03-24T06:20:58,2025-03-24T18:35:18,0.83,Clear,Clear conditions throughout the day.,clear-day,"42182099999,42176099999,VIDP,42139099999,42181099999"
"INDIRA GANDHI INTERNATIONAL, IN	",2025-03-25,36,19,28,33.6,19,27,9.6,36,0,0,0,,0,0,22,13,19.2,1010,0,4,282.2,24.2,9,10,2025-03-25T06:19:49,2025-03-25T18:35:52,0.86,Clear,Clear conditions throughout the day.,clear-day,"42182099999,42176099999,VIDP,42139099999,42181099999"
"INDIRA GANDHI INTERNATIONAL, IN	",2025-03-26,37,20,29.5,34.8,20,28.4,10.1,35.1,0,0,0,,0,0,27,13,207.5,1007.2,0,3.8,283.6,24.2,9,10,2025-03-26T06:18:39,2025-03-26T18:36:25,0.89,Clear,Clear conditions throughout the day.,clear-day,"42182099999,42176099999,VIDP,42139099999,42181099999"
"INDIRA GANDHI INTERNATIONAL, IN	",2025-03-27,35,23,29.3,33.7,23,28.5,11.3,34.9,0,0,0,,0,0,33.5,20.5,272.6,1007.1,28.7,4.2,273.2,23.7,9,10,2025-03-27T06:17:30,2025-03-27T18:36:58,0.93,Partially cloudy,Partly cloudy throughout the day.,partly-cloudy-day,"42182099999,42176099999,VIDP,42139099999,42181099999"
"INDIRA GANDHI INTERNATIONAL, IN	",2025-03-28,31,20,25.1,29,20,24.6,6.7,34.3,0,0,0,,0,0,39.6,23.3,282.9,1009.9,1,4,295.6,25.7,10,10,2025-03-28T06:16:20,2025-03-28T18:37:32,0.96,Clear,Clear conditions throughout the day.,clear-day,"42182099999,42176099999,VIDP,42139099999,42181099999"
"INDIRA GANDHI INTERNATIONAL, IN	",2025-03-29,29,13,22.3,27.4,13,22,2.5,28.8,0,0,0,,0,0,37.8,20,276,1010.8,37.8,4.3,257,22.1,9,10,2025-03-29T06:15:11,2025-03-29T18:38:05,0,Partially cloudy,Partly cloudy throughout the day.,partly-cloudy-day,"42182099999,42176099999,VIDP,42139099999,42181099999"
"INDIRA GANDHI INTERNATIONAL, IN	",2025-03-30,31,16,24.1,29,16,23.5,4.2,29.9,0,0,0,,0,0,38.5,20.4,280.3,1011,23.3,4.3,298.4,25.8,10,10,2025-03-30T06:14:02,2025-03-30T18:38:38,0.03,Partially cloudy,Partly cloudy throughout the day.,partly-cloudy-day,"42182099999,42176099999,VIDP,42139099999,42181099999"
"INDIRA GANDHI INTERNATIONAL, IN	",2025-03-31,34,15,25.7,31.5,15,24.8,5.2,30.3,0,0,0,,0,0,34.2,14.8,284.3,1011.2,0,4.3,299.9,25.9,10,10,2025-03-31T06:12:53,2025-03-31T18:39:11,0.06,Clear,Clear conditions throughout the day.,clear-day,"42182099999,42176099999,VIDP,42139099999,42181099999"
"INDIRA GANDHI INTERNATIONAL, IN	",2025-04-01,34,17,26.5,31.5,17,25.6,4.4,27.5,0,0,0,,0,0,34.9,25.9,283,1010.2,0,4.5,302.1,26.1,10,10,2025-04-01T06:11:44,2025-04-01T18:39:44,0.1,Clear,Clear conditions throughout the day.,clear-day,"42182099999,42176099999,VIDP,42139099999,42181099999"
"INDIRA GANDHI INTERNATIONAL, IN	",2025-04-02,35.5,17,26.9,33.2,17,25.9,6.1,30.7,0,0,0,,0,0,28.8,20.5,301.5,1011.1,0,3.8,301.8,26.1,10,10,2025-04-02T06:10:36,2025-04-02T18:40:18,0.13,Clear,Clear conditions throughout the day.,clear-day,"42182099999,42176099999,VIDP,42139099999,42181099999"
"INDIRA GANDHI INTERNATIONAL, IN	",2025-04-03,37,18.1,29,34.1,18.1,27.7,5,27.2,0,0,0,,0,0,24.1,11.2,126.6,1011.5,19.7,6.8,292.4,25.2,10,10,2025-04-03T06:09:28,2025-04-03T18:40:51,0.17,Clear,Clear conditions throughout the day.,clear-day,"42182099999,42176099999,VIDP,42139099999,42181099999,remote"
"INDIRA GANDHI INTERNATIONAL, IN	",2025-04-04,37,23,30,34.2,23,28.7,6.2,25.1,0,0,0,,0,0,30.2,16.6,294,1011.2,17.6,4.2,297,25.4,10,10,2025-04-04T06:08:20,2025-04-04T18:41:24,0.2,Clear,Clear conditions throughout the day.,clear-day,"42182099999,42176099999,VIDP,42139099999,42181099999"
"INDIRA GANDHI INTERNATIONAL, IN	",2025-04-05,35,20,28.6,32.6,20,27.6,8.5,30.8,0,0,0,,0,0,33.5,18.3,282.3,1009.2,1.7,4.6,300.4,25.9,10,10,2025-04-05T06:07:12,2025-04-05T18:41:57,0.25,Clear,Clear conditions throughout the day.,clear-day,"42182099999,42176099999,VIDP,42139099999,42181099999"
"INDIRA GANDHI INTERNATIONAL, IN	",2025-04-06,37,21,29.4,35.5,21,28.5,10.1,33.1,0,0,0,,0,0,25.2,16.6,288.2,1007.4,1.7,4.1,299.1,25.7,10,10,2025-04-06T06:06:05,2025-04-06T18:42:30,0.27,Clear,Clear conditions throughout the day.,clear-day,"42182099999,42176099999,VIDP,42139099999,42181099999"
"INDIRA GANDHI INTERNATIONAL, IN	",2025-04-07,39,23,31.6,37.2,23,30.4,10.4,30.4,0,0,0,,0,0,27,9.4,77.1,1008.4,3,4.2,295.9,25.6,9,10,2025-04-07T06:04:58,2025-04-07T18:43:04,0.3,Clear,Clear conditions throughout the day.,clear-day,"42182099999,42176099999,VIDP,42139099999,42181099999"
"INDIRA GANDHI INTERNATIONAL, IN	",2025-04-08,39,27,32.7,37.2,26.6,31.9,12,30.4,0,0,0,,0,0,35.6,14.8,90.9,1010.3,0.9,4.1,295.2,25.6,9,10,2025-04-08T06:03:51,2025-04-08T18:43:37,0.34,Clear,Clear conditions throughout the day.,clear-day,"42182099999,42176099999,VIDP,42139099999,42181099999"
"INDIRA GANDHI INTERNATIONAL, IN	",2025-04-09,40,27,33.7,39.5,27.5,34.1,16,37.5,0,0,0,,0,0,32.8,14.8,100.1,1008,7.4,3.7,278.6,24.1,9,10,2025-04-09T06:02:45,2025-04-09T18:44:11,0.37,Clear,Clear conditions throughout the day.,clear-day,"42182099999,42176099999,VIDP,42139099999,42181099999"
"INDIRA GANDHI INTERNATIONAL, IN	",2025-04-10,39,27,32.4,37.4,27,31.9,13.5,33.6,0,0,0,,0,0,37.1,18.4,89.6,1003.8,42.7,3.9,259.4,22.5,9,10,2025-04-10T06:01:39,2025-04-10T18:44:44,0.41,Partially cloudy,Partly cloudy throughout the day.,partly-cloudy-day,"42182099999,42176099999,VIDP,42139099999,42181099999"
"INDIRA GANDHI INTERNATIONAL, IN	",2025-04-11,34,20.7,27,35,20.7,27.3,17.7,59.8,1.971,100,4.17,rain,0,0,74.2,37.1,99.5,1004,46.5,3.7,262.6,22.8,9,10,2025-04-11T06:00:34,2025-04-11T18:45:18,0.44,"Rain, Partially cloudy",Becoming cloudy in the afternoon with late afternoon rain.,rain,"42182099999,42176099999,VIDP,42139099999,42181099999"
"INDIRA GANDHI INTERNATIONAL, IN	",2025-04-12,33.3,20,27.2,34.9,20,27.1,15.6,53.1,0,0,0,,0,0,161.3,18.4,55.7,1007,30.7,4,283.7,24.4,9,30,2025-04-12T05:59:29,2025-04-12T18:45:52,0.47,Partially cloudy,Partly cloudy throughout the day.,partly-cloudy-day,"42182099999,VIDP,42139099999,42181099999,VIDD"
"INDIRA GANDHI INTERNATIONAL, IN	",2025-04-13,35,23.2,29.6,33.8,23.2,29.2,13.4,38.9,0,0,0,rain,0,0,24.1,11.2,82.2,1008.4,28.8,3.9,273,23.5,9,10,2025-04-13T05:58:24,2025-04-13T18:46:26,0.5,Partially cloudy,Partly cloudy throughout the day.,partly-cloudy-day,"42182099999,42176099999,VIDP,42139099999,42181099999"
"INDIRA GANDHI INTERNATIONAL, IN	",2025-04-14,36,23,30.1,37.3,23,30,15.3,43,0,0,0,,0,0,28.1,14.8,99.6,1008.6,6.3,4.8,298.1,25.6,10,10,2025-04-14T05:57:21,2025-04-14T18:47:00,0.54,Clear,Clear conditions throughout the day.,clear-day,"42182099999,42176099999,VIDP,42139099999,42181099999,remote"
"INDIRA GANDHI INTERNATIONAL, IN	",2025-04-15,36.4,25,30.8,35.7,25,30.6,14.9,39.9,0,0,0,,0,0,35.3,14.8,114.2,1009.1,14.3,4.3,274.4,23.6,9,10,2025-04-15T05:56:17,2025-04-15T18:47:34,0.58,Clear,Clear conditions throughout the day.,clear-day,"42182099999,42176099999,VIDP,42139099999,42181099999"
"INDIRA GANDHI INTERNATIONAL, IN	",2025-04-16,37.7,26,32.1,37.3,26,32.1,15.4,38.3,0,0,0,,0,0,28.8,14.8,115.2,1007.3,14.2,4.2,277,23.9,9,10,2025-04-16T05:55:15,2025-04-16T18:48:08,0.61,Clear,Clear conditions throughout the day.,clear-day,"42182099999,42176099999,VIDP,42139099999,42181099999"
"INDIRA GANDHI INTERNATIONAL, IN	",2025-04-17,39.1,27,33.2,39.5,27.1,33.3,15.2,35.9,0,0,0,,0,0,29.5,16.6,82.6,1005,15.7,3.9,292,25.1,9,10,2025-04-17T05:54:13,2025-04-17T18:48:42,0.64,Clear,Clear conditions throughout the day.,clear-day,"42182099999,42176099999,VIDP,42139099999,42181099999"
"INDIRA GANDHI INTERNATIONAL, IN	",2025-04-18,39,26,32.2,40.3,26,33,17.6,44.3,0,0,0,rain,0,0,44.3,21.9,87.7,1003.3,15.6,3.8,284.5,24.5,9,10,2025-04-18T05:53:11,2025-04-18T18:49:17,0.68,Clear,Clear conditions throughout the day.,clear-day,"42182099999,42176099999,VIDP,42139099999,42181099999"
"INDIRA GANDHI INTERNATIONAL, IN	",2025-04-19,38,27,31.8,40.3,27.5,33.4,18.6,47,0,0,0,,0,0,44.6,23.8,114.4,1003.6,15.2,4,297,25.6,9,30,2025-04-19T05:52:11,2025-04-19T18:49:51,0.71,Clear,Clear conditions throughout the day.,clear-day,"42182099999,42176099999,VIDP,42139099999,42181099999"
"INDIRA GANDHI INTERNATIONAL, IN	",2025-04-20,38.1,26,32.6,40.5,26,34,18.6,46.1,0,0,0,,0,0,43.6,18.2,106.7,1003.9,19.4,4.1,300.9,26,10,10,2025-04-20T05:51:11,2025-04-20T18:50:26,0.75,Clear,Clear conditions throughout the day.,clear-day,"42182099999,42176099999,VIDP,42139099999,42181099999"
"INDIRA GANDHI INTERNATIONAL, IN	",2025-04-21,40,28,33.1,36.7,26.6,31.9,6.6,26.7,0,0,0,,0,0,37.4,16.6,227.1,1007.3,25.7,4.4,310.5,26.7,10,10,2025-04-21T05:50:11,2025-04-21T18:51:01,0.75,Partially cloudy,Partly cloudy throughout the day.,partly-cloudy-day,"42182099999,VIDP,42181099999"
"INDIRA GANDHI INTERNATIONAL, IN	",2025-04-22,40,24,31.4,36.5,24,29.6,-0.1,14.6,0,0,0,,0,0,37.1,18.4,257.7,1008.7,6.5,4.4,320,27.7,10,10,2025-04-22T05:49:13,2025-04-22T18:51:36,0.81,Clear,Clear conditions throughout the day.,clear-day,VIDP
"INDIRA GANDHI INTERNATIONAL, IN	",2025-04-23,40.3,22,32.4,36.4,22,30.4,-3.2,12.6,0,0,0,,0,0,37.1,20.5,273.7,1005.6,0,10.6,319.2,27.6,10,10,2025-04-23T05:48:15,2025-04-23T18:52:11,0.85,Clear,Clear conditions throughout the day.,clear-day,VIDP
